name,diameter_mm,pitch_in,blades,max_rpm,max_thrust_n,max_torque_nm
Gemfan 1610,40,1.0,2,37975,0.22,0.0013
Gemfan 1608,40,0.8,3,36151,0.26,0.0018
Gemfan 1611,40,1.1,3,35221,0.27,0.0019
Gemfan 45mm,45,,3,33451,0.36,0.0023
Gemfan 2020,50,2.0,4,26340,0.52,0.0040
Gemfan Hurricane 2008,51,0.8,2,37358,0.29,0.0015
Gemfan Hurricane 2015,51,1.5,2,33240,0.40,0.0023
Gemfan Hurricane 2009,52,0.9,3,35331,0.34,0.0019
Gemfan Hurricane 2520,64,2.0,3,28435,1.03,0.0077
Gemfan Hurricane 2512,65,1.2,3,35573,0.88,0.0054
Gemfan Hurricane 3018,76,1.8,2,28927,1.15,0.0076
BetaFPV T3X3X3,76,3.0,3,19964,1.33,0.0121
Gemfan 3020,76,2.0,3,26043,1.27,0.0089
Gemfan Hurricane 3016,76,1.6,3,26589,1.28,0.0087
Gemfan WinDancer 3028,77,2.8,3,24608,1.27,0.0096
Gemfan 353D,89,,3,18940,1.07,0.0125
Nazgul T4030,101,3.0,2,18009,1.55,0.0136
Gemfan Hurricane 4024,102,2.4,2,18591,1.56,0.0131
