name,cells,capacity_mah,mass_g,continuous_c,burst_c,chemistry,resistance_mohm,price_usd,source
Bitcraze 350 mAh 1S,1,350,9.1,15,30,,,,store.bitcraze.io battery page
GNB LiHV 300 mAh 60C,1,300,7,30,60,lihv,,,"Data: ThrustLab component database (thrustlab.com), CC BY 4.0. Listed C taken as burst, half of it as continuous"
CNHL Pizza LiHV 350 mAh 75C,1,350,8,37,75,lihv,,,"Data: ThrustLab component database (thrustlab.com), CC BY 4.0. Listed C taken as burst, half of it as continuous"
GNB LiHV 380 mAh 60C,1,380,8,30,60,lihv,,,"Data: ThrustLab component database (thrustlab.com), CC BY 4.0. Listed C taken as burst, half of it as continuous"
GNB LiHV 450 mAh 80C,1,450,12,40,80,lihv,,,"Data: ThrustLab component database (thrustlab.com), CC BY 4.0. Listed C taken as burst, half of it as continuous"
GNB LiHV 530 mAh 90C,1,530,12,45,90,lihv,,,"Data: ThrustLab component database (thrustlab.com), CC BY 4.0. Listed C taken as burst, half of it as continuous"
GNB LiHV 550 mAh 100C,1,550,13.5,50,100,lihv,,,"Data: ThrustLab component database (thrustlab.com), CC BY 4.0. Listed C taken as burst, half of it as continuous"
Gens Ace LiHV 650 mAh 60C,1,650,15,30,60,lihv,,,"Data: ThrustLab component database (thrustlab.com), CC BY 4.0. Listed C taken as burst, half of it as continuous"
GNB LiHV 660 mAh 90C,1,660,15.5,45,90,lihv,,,"Data: ThrustLab component database (thrustlab.com), CC BY 4.0. Listed C taken as burst, half of it as continuous"
GNB LiHV 720 mAh 100C,1,720,18.5,50,100,lihv,,7.99,"Data: ThrustLab component database (thrustlab.com), CC BY 4.0. Listed C taken as burst, half of it as continuous. Mass (18.5 g +/- 1) and price: racedayquads.com A30 listing"
GNB LiHV 850 mAh 60C,1,850,17.5,30,60,lihv,,,"Data: ThrustLab component database (thrustlab.com), CC BY 4.0. Listed C taken as burst, half of it as continuous. rcdrone.top lists 17 g +/- 1, 8 x 18 x 65 mm"
GNB LiHV 1100 mAh 60C,1,1100,22,30,60,lihv,,7.15,"Data: ThrustLab component database (thrustlab.com), CC BY 4.0. Listed C taken as burst, half of it as continuous. Price: rotorama.com, 6.59 EUR"
Samsung 35E 18650,1,3350,53,2.39,3.88,liion,73,5.99,"18650batterystore.com, in stock 2026-10-03. Capacity is Samsung's guaranteed minimum (sold as 3500 mAh). Mass is the 50 g maximum plus 3 g for leads (listing: about 48 g). 8 A continuous, 13 A not continuous. Resistance: no DC figure listed, so the 35 milliohm AC limit x 30/18 (the 25R's DC to AC ratio, an estimate), plus 15 for leads"
Samsung 30Q 18650,1,2950,51,5.08,6.78,liion,58,6.99,"18650batterystore.com, in stock 2026-10-03. Capacity is Samsung's guaranteed minimum (sold as 3000 mAh). Mass is the 48 g maximum plus 3 g for leads. 15 A continuous; 20 A is a test point, taken as the burst. Resistance: no DC figure listed, so the 26 milliohm AC limit x 30/18 (the 25R's DC to AC ratio, an estimate), plus 15 for leads"
Samsung 25R 18650,1,2500,48,8,8,liion,45,4.99,"18650batterystore.com, in stock 2026-10-03. Capacity is Samsung's guaranteed minimum. Mass is the 45 g maximum plus 3 g for leads (typical cell: 43.8 g). 20 A continuous, also taken as the burst (the 100 A pulse is under 1 s). Resistance: the 30 milliohm DC limit plus 15 for leads (AC limit: 18)"
